{"AUC":0.75265, "TP":190, "TN":895, "took":207, "loss":0.85513}
