{"AUC":0.75265, "TP":190, "TN":895, "took":300, "loss":0.85513}
